Billing Specialist,Medical Coding Specialist,Billing Clerk,Insurance Coordinator,Insurance Coordinator
Auditor,Medical Coding Specialist,Patient Account Representative,Insurance Verification Specialist,Patient Financial Counselor
Billing and Collections Specialist,,Medical Billing Coordinator,Claims Analyst,
Accounts Receivable Specialist,,,Claims Processor,
Billing Supervisor,,,Health Insurance Specialist,
Claims Analyst,,,,
Claims Processor,,,,
Financial Analyst,,,,
Healthcare Finance Manager,,,,
Medical Billing Analyst,,,,
Medical Billing Coordinator,,,,
Revenue Cycle Manager,,,,