Cardiologist,Cardiothorarcic surgeon,General Physicians,General Surgeon,Gynecologist,Pediatrician,Orthopedic Surgeon,Radiologist,ENT Specialist,Dermatologist,Ophthalmologist,Emergency Medicine Doctor,Critical Care Medicine Doctor,Pulmonologist,Psychiatrist,Neurologist,Nephrologist,Urologist,Rheumatologist,Infectious Disease Doctor,Endocrinologist,Surgical Endocrinologist,Gastroenterologist,Surgical Gastroenterologist,Oncologist,Surgical Oncologist,Radiation Oncologist,Pathologist,Hematologist,Head and Neck Surgeon,Family Physician,Pediatric Surgeon,Nuclear Medicine Physician,Transfusion Medicine Specialist,Geriatrician,Pain Management Specialist,Clinical Biochemist,Plastic Surgeon,Allergist,Diabetologist,Bariatric Surgeon,Geneticist,Hospital Administrator,Sports Medicine Doctor,Rehabilitation Medicine Doctor,Clinical Toxicologist,Endocrine Biochemist,Immunological Biochemist,Molecular Biochemist,POCT Specialist,Clinical Laboratory Scientist
Heart specialist,Cardiac specialist surgeon,Family Medicine Specialist,Surgical Specialist,Obstetrician,Child Specialist,Orthopedician,Medical Imaging Specialist,Otolaryngologist,Skin Doctor,Eye Doctor,Emergency Physician,Intensivist,Respiratory Specialist,Mental Health Specialist,Brain Specialist,Kidney Specialist,Urinary Tract Specialist,Arthritis Specialist,Infectious Disease Specialist,Hormone Specialist,Endocrine Surgeon,Digestive Health Specialist,GI Surgeon,Cancer Specialist,Cancer Surgeon,Radiotherapy Specialist,Medical Pathologist,Blood Specialist,Otolaryngologist,Family Doctor,Pediatrician Surgeon,Nuclear Medicine Specialist,Blood Bank Specialist,Geriatric Specialist,Pain Medicine Physician,Biochemical Pathologist,Cosmetic Surgeon,Immunologist,Diabetes Specialist,Weight Loss Surgeon,Genetics Specialist,Hospital Manager,Sports Medicine Physician,Physiatrist,Toxicology Specialist,Endocrine Specialist,Immunology Specialist,Molecular Pathologist,Point of Care Biochemist,Clinical Pathologist
Cardiac specialist,Heart specialist surgeon,Family Practice Doctor,General Surgical Consultant,Obstetrician Gynecologist,Children Doctor,Orthopedic Doctor,Diagnostic Radiologist,Ear Nose and Throat Doctor,Skin Specialist,Eye Specialist,ER Doctor,Critical Care Physician,Lung Doctor,Psychiatric Doctor,Nerve Doctor,Renal Physician,Urinary System Doctor,Rheumatic Disease Specialist,Infectious Disease Physician,Endocrine Doctor,Endocrine Surgery Specialist,Digestive System Doctor,Gastrointestinal Surgeon,Cancer Doctor,Oncologic Surgeon,Radiation Therapy Doctor,Anatomic Pathologist,Hematology Specialist,ENT Surgeon,General Practitioner,Child Surgeon,Nuclear Medicine Technologist,Blood Transfusion Specialist,Elderly Care Physician,Pain Specialist,Chemical Pathologist,Reconstructive Surgeon,Allergy Specialist,Endocrinologist,Obesity Surgeon,Genetics Counselor,Healthcare Administrator,Sports Doctor,Rehabilitation Specialist,Poisoning Specialist,Hormone Specialist,Autoimmune Specialist,Genetic Testing Specialist,Rapid Testing Specialist,Medical Laboratory Technologist
Heart doctor,Cardiovascular specialist surgeon,Family Practice Physician,Operating Surgeon,Women Health Specialist,Pediatric Physician,Bone and Joint Specialist,Imaging Consultant,ENT Doctor,Dermatology Physician,Eye Surgeon,Emergency Room Doctor,ICU Doctor,Chest Specialist,Mental Health Physician,Neuroscience Specialist,Kidney Doctor,Genitourinary Specialist,Musculoskeletal Specialist,ID Specialist,Endocrine System Specialist,Hormone Surgeon,GI Specialist,Digestive System Surgeon,Tumor Specialist,Cancer Surgery Specialist,Oncologic Radiologist,Clinical Pathologist,Blood Doctor,Ear Nose and Throat Surgeon,Primary Care Physician,Pediatric Surgical Specialist,Radiopharmacist,Hematologist,Senior Health Specialist,Chronic Pain Doctor,Clinical Chemistry Specialist,Aesthetic Surgeon,Immunology Specialist,Diabetes Doctor,Bariatric Physician,Clinical Geneticist,Hospital CEO,Sports Physician,PM and R Doctor,TDM Specialist,Reproductive Biochemist,,Genomics Specialist,,Research Biochemist
Cardiac physician,Thoracic surgeon,Internist,Trauma Surgeon,Reproductive Health Specialist,Child Health Specialist,Musculoskeletal Specialist,Interventional Radiologist,ENT Surgeon,Dermatology Consultant,Vision Specialist,Acute Care Physician,Intensive Care Doctor,Pulmonary Medicine Specialist,Behavioral Health Specialist,Nervous System Doctor,Renal Medicine Specialist,Urinary Medicine Specialist,Autoimmune Disease Specialist,Infectiologist,Gland Specialist,Gland Surgeon,GI Doctor,Gastrointestinal Surgery Specialist,Cancer Physician,Oncology Surgeon,Cancer Radiation Specialist,Laboratory Medicine Specialist,Pediatric Hematologist,ENT Specialist,Primary Care Provider,Pediatric Surgical Physician,Nuclear Radiologist,Transfusion Physician,Aging Medicine Specialist,Algologist,Laboratory Medicine Specialist,Plastic and Reconstructive Surgeon,Allergy and Immunology Physician,Diabetes Physician,Metabolic Surgeon,Molecular Geneticist,Hospital COO,Athletic Doctor,Physical Medicine and Rehabilitation Physician,Pharmacokinetics Specialist,Reproductive Endocrinologist,,Genomic Biochemist,,Quality Control Specialist
Cardiovascular specialist,Cardiac operative specialist,Internal Medicine Specialist,Emergency Surgeon,Maternal Fetal Medicine Specialist,Pediatric Cardiologist,Orthopedic Physician,IR Specialist,Otorhinolaryngologist,Pediatric Dermatologist,Ocular Physician,Emergency Medical Specialist,Critical Care Specialist,Pulmonary Physician,Child Psychiatrist,Neuro Physician,Pediatric Nephrologist,Pediatric Urologist,Rheumatic Medicine Doctor,Pediatric Infectious Disease Specialist,Pediatric Endocrinologist,Thyroid Surgeon,Stomach and Intestine Specialist,Hepatobiliary Surgeon,Medical Oncologist,Breast Surgical Oncologist,Pediatric Radiation Oncologist,Pathology Consultant,Children Blood Specialist,Head and Neck ENT Surgeon,Geriatrician,Pediatric Orthopedic Surgeon,Nuclear Imaging Specialist,Blood Bank Director,Older Adult Care Physician,Anesthesiology Pain Specialist,Metabolic Biochemist,Cosmetic Plastic Surgeon,Allergy Doctor,Pediatric Diabetologist,Metabolic and Bariatric Surgeon,Human Geneticist,Hospital CFO,Athletic Physician,Rehabilitation Physician,Drug Monitoring Biochemist,Fertility Specialist,,Geneticist,,Laboratory Information Systems Specialist
Cardiovascular physician,Cardiovascular operative specialist,Adult Medicine Specialist,Acute Care Surgeon,Perinatologist,Children Heart Specialist,Sports Orthopedist,Vascular and Interventional Radiologist,Head and Neck Surgeon,Children Skin Specialist,Pediatric Ophthalmologist,Pediatric Emergency Physician,Intensive Care Specialist,Pediatric Pulmonologist,Adolescent Psychiatrist,Pediatric Neurologist,Child Kidney Specialist,Child Urologist,Pediatric Rheumatologist,Child Infectious Disease Doctor,Child Endocrinologist,Thyroidectomy Specialist,Pediatric Gastroenterologist,Liver Surgeon,Chemotherapy Specialist,Breast Cancer Surgeon,Children Radiotherapy Specialist,Surgical Pathologist,Hematopathologist,Rhinologist,Elderly Care Specialist,Children Orthopedic Specialist,Diagnostic Nuclear Medicine Specialist,Blood Transfusion Service Specialist,Geriatric Psychiatrist,Interventional Pain Specialist,Metabolic Specialist,Aesthetic Plastic Surgeon,Pediatric Allergist,Children Diabetes Specialist,Diabetes Surgery Specialist,Metabolic Surgeon,Hospital Director,Exercise Medicine Specialist,Pediatric Rehabilitation Specialist,,,,Proteomics Specialist,,
Heart care expert,Heart surgery expert,Pediatrician,Pediatric Surgeon,High Risk Pregnancy Specialist,Pediatric Heart Doctor,Sports Injury Specialist,Neuroradiologist,Otologist,Pediatric Skin Doctor,Children Eye Specialist,Pediatric ER Doctor,Pediatric Intensivist,Children Lung Specialist,Pediatric Psychiatrist,Child Neurologist,Pediatric Renal Specialist,Children Urinary Tract Specialist,Child Rheumatologist,Pediatric Infectiologist,Children Hormone Specialist,Thyroid Gland Surgeon,Child GI Specialist,Biliary Tract Surgeon,Systemic Cancer Treatment Specialist,Mammary Oncologic Surgeon,Pediatric Cancer Radiation Specialist,Cytopathologist,Blood Pathologist,Nasal and Sinus Surgeon,Gerontology Specialist,Pediatric Orthopedist,Diagnostic Nuclear Medicine Physician,Clinical Pathologist,Senior Mental Health Specialist,Pain Anesthesiologist,Inborn Errors of Metabolism Specialist,Facial Cosmetic Surgeon,Pediatric Immunologist,Pediatric Endocrinologist,Laparoscopic Surgeon,Metabolic and Bariatric Surgeon,Hospital Executive,Orthopedic Sports Medicine Specialist,Pediatric Physiatrist,,,,Proteomic Biochemist,,
Cardiology consultant,Thoracic surgeon,Child Specialist,Children Surgeon,Reproductive Endocrinologist,Pediatric Oncologist,Pediatric Orthopedic Surgeon,Neuroimaging Specialist,Neurotologist,Dermatopathologist,Pediatric Eye Doctor,Children Emergency Specialist,Pediatric Critical Care Specialist,Pediatric Respiratory Specialist,Youth Mental Health Specialist,Children Brain Specialist,Interventional Nephrologist,Female Urologist,Children Arthritis Specialist,Hospital Epidemiologist,Diabetologist,Parathyroid Surgeon,Pediatric Digestive Health Specialist,Pancreatic Surgeon,Radiation Oncologist,Gastrointestinal Surgical Oncologist,Medical Physicist in Radiation Oncology,Chemical Pathologist,Hematologic Oncologist,Nose and Sinus Specialist,Pediatrician,Pediatric Cardiothoracic Surgeon,Nuclear Diagnostic Imaging Specialist,Apheresis Specialist,Psychogeriatrician,PM and R Pain Specialist,Enzymologist,Reconstructive Plastic Surgeon,Children Allergy Specialist,Adult Diabetologist,Minimally Invasive Bariatric Surgeon,Diabetes Surgery Specialist,Quality Improvement Specialist,Sports Orthopedist,Children Rehabilitation Doctor,,,,Protein Analysis Specialist,,
Cardiovascular doctor,Cardiac surgeon,Children Doctor,Pediatric Surgical Specialist,Fertility Specialist,Children Cancer Specialist,Children Orthopedic Specialist,Brain Imaging Specialist,Ear Specialist,Skin Pathologist,Retina Specialist,Medical Toxicologist,Children ICU Doctor,Pulmonary Intensivist,Geriatric Psychiatrist,Pediatric Neuro Specialist,Vascular Access Specialist,Female Pelvic Medicine Specialist,Osteoarthritis Specialist,Infection Control Specialist,Diabetes Specialist,Parathyroidectomy Specialist,Hepatologist,Hepatopancreatobiliary Surgeon,Radiotherapy Specialist,GI Cancer Surgeon,Radiation Physics Specialist,Hematopathologist,Blood Cancer Specialist,Laryngologist,Children Doctor,Children Heart Surgeon,Nuclear Cardiologist,Therapeutic Apheresis Specialist,Geriatric Neurologist,Rehabilitation Pain Physician,Enzyme Specialist,Microsurgery Specialist,Rhinitis Specialist,Adult Endocrinologist,Keyhole Surgery Specialist,Laparoscopic Surgeon,Patient Safety Officer,Sports Orthopedic Surgeon,Sports Medicine Physiatrist,,,,,,
Cardiology expert,Vascular surgeon,Geriatrician,Vascular Surgeon,Infertility Specialist,Pediatric Cancer Doctor,Pediatric Bone and Joint Doctor,Pediatric Radiologist,Ear Surgeon,Dermatologic Pathologist,Retinal Surgeon,Emergency Toxicologist,Neurointensivist,Critical Care Pulmonologist,Elderly Mental Health Specialist,Neurointensivist,Kidney Interventionist,Female Urinary Tract Specialist,Degenerative Joint Disease Specialist,Healthcare Associated Infection Specialist,Diabetes Endocrinologist,Parathyroid Gland Surgeon,Liver Specialist,Colorectal Surgeon,Radiation Cancer Specialist,Digestive Tract Oncologic Surgeon,Clinical Medical Physicist,Hematology Pathologist,Leukemia Specialist,Voice Box Surgeon,Pediatrics Specialist,Pediatric Cardiac Surgeon,Cardiac Nuclear Medicine Specialist,Plasma Exchange Specialist,Neurogeriatrician,Physical Medicine Pain Doctor,Enzyme Analysis Specialist,Hand Reconstruction Surgeon,Sinusitis Specialist,Gestational Diabetologist,Revision Bariatric Surgeon,Minimally Invasive Bariatric Surgeon,Clinical Quality Manager,Pediatric Sports Medicine Specialist,Sports Rehabilitation Specialist,,,,,,
Cardiothoracic and vascular specialist,Heart and lung surgeon,Geriatric Specialist,Vascular Specialist,Gynecologic Oncologist,Pediatric Neurologist,Spine Surgeon,Children Imaging Specialist,Hearing Specialist,Mohs Surgeon,Vitreo Retinal Specialist,Poison Control Specialist,Neurocritical Care Specialist,Pulmonary Critical Care Specialist,Senior Psychiatry Specialist,Critical Care Neurologist,Transplant Nephrologist,Andrologist,OA Specialist,HIV Specialist,Reproductive Endocrinologist,Adrenal Surgeon,Liver Disease Doctor,Colon and Rectal Surgeon,Surgical Oncologist,Colorectal Surgical Oncologist,Brachytherapist,Blood Pathologist,Coagulation Specialist,Throat and Voice Specialist,Adolescent Medicine Specialist,Pediatric Neurosurgeon,Nuclear Cardiac Imaging Specialist,Pediatric Transfusion Specialist,Dementia Specialist,Neurology Pain Specialist,,Craniofacial Surgeon,Nasal Allergy Specialist,Maternal Fetal Medicine Specialist,Bariatric Surgery Revision Specialist,Keyhole Surgery Specialist,Health Information Manager,Pediatric Sports Doctor,Sports Medicine and Rehabilitation Doctor,,,,,,
Cardiothoracic Consultant,Cardiopulmonary surgeon,Elderly Care Specialist,Blood Vessel Surgeon,GYN Oncologist,Children Brain Specialist,Spinal Orthopedic Surgeon,Pediatric Imaging Doctor,Rhinologist,Mohs Dermatologist,Retinologist,EMS Physician,Neurological ICU Doctor,Interventional Pulmonologist,Forensic Psychiatrist,Neurological ICU Specialist,Kidney Transplant Specialist,Male Reproductive Specialist,Inflammatory Arthritis Specialist,AIDS Specialist,Fertility Specialist,Adrenalectomy Specialist,Interventional Gastroenterologist,Rectal Surgery Specialist,Cancer Surgeon,Colorectal Cancer Surgeon,Internal Radiation Specialist,Forensic Pathologist,Thrombosis Specialist,Otologist,Teen Health Specialist,Children Neurosurgical Specialist,Nuclear Oncologist,Children Blood Specialist,Geriatric Cardiologist,Neurological Pain Physician,,Facial Reconstruction Specialist,Food Allergist,Diabetic Foot Specialist,Bariatric Surgery Complications Specialist,Revision Bariatric Surgeon,Medical Records Administrator,Children Sports Medicine Physician,Neurorehabilitation Specialist,,,,,,
Pediatric Cardiology,Thoracic and vascular surgeon,Adolescent Medicine Specialist,Colorectal Surgeon,Women Cancer Specialist,Pediatric Brain Doctor,Orthopedic Spine Specialist,Musculoskeletal Radiologist,Nose Specialist,Skin Cancer Surgeon,Cornea Specialist,Pre Hospital Care Specialist,Cardiac Intensivist,Bronchoscopic Specialist,Legal Psychiatry Specialist,Stroke Specialist,Renal Transplant Physician,Male Fertility Specialist,Rheumatoid Arthritis Specialist,HIV AIDS Doctor,Hormone Fertility Specialist,Adrenal Gland Surgeon,Endoscopic Specialist,Anorectal Surgeon,Oncologic Surgeon,Rectal and Colon Cancer Surgeon,Brachytherapy Oncologist,Medical Examiner,Hemostasis Specialist,Ear Surgeon,Young Adult Medicine Specialist,Pediatric Brain Surgeon,Oncologic Nuclear Medicine Specialist,Pediatric Hematologist,Cardiovascular Aging Specialist,Neuro Pain Specialist,,Cleft Palate Surgeon,Food Immunologist,Podiatrist,Adolescent Bariatric Surgeon,Bariatric Surgery Revision Specialist,Health Information Technician,Primary Care Sports Medicine Specialist,Neurorehabilitation Physiatrist,,,,,,
Cardiac care experts,Heart lung and vascular surgeon,Teen Health Specialist,Colon and Rectal Surgeon,Urogynecologist,Pediatric Endocrinologist,Joint Replacement Surgeon,MSK Radiologist,Sinus Specialist,Cosmetic Dermatologist,Corneal Surgeon,EMS Medical Director,Cardiovascular Critical Care Specialist,Minimally Invasive Pulmonary Specialist,Criminal Psychiatrist,Cerebrovascular Neurologist,Critical Care Nephrologist,Urologic Oncologist,Psoriatic Arthritis Specialist,Travel Medicine Specialist,Thyroidologist,Pancreatic Surgeon,Therapeutic Endoscopist,Bariatric Surgeon,Pediatric Oncologist,Hepatobiliary Surgical Oncologist,Stereotactic Radiosurgeon,Dermatopathologist,Transfusion Medicine Specialist,Ear and Hearing Specialist,Sports Medicine Physician,Pediatric Urologist,Nuclear Oncologic Imaging Specialist,Transplant Immunologist,Heart Health in Seniors Specialist,Psychiatry Pain Specialist,,Burn Surgeon,Nutritional Immunologist,Wound Care Specialist,Teenage Weight Loss Surgeon,Bariatric Surgery Complications Specialist,Operations Manager,Non Surgical Sports Medicine Doctor,Neurological Rehabilitation Doctor,,,,,,
Heart care professionals,Chest Surgeon,Youth Health Specialist,Proctologist,Female Pelvic Medicine and Reconstructive Surgeon,Children Hormone Specialist,Arthroplasty Surgeon,Orthopedic Radiologist,Nasal Surgeon,Aesthetic Dermatologist,Corneal and External Disease Specialist,Disaster Medicine Specialist,Cardiac ICU Doctor,Pulmonary Sleep Specialist,Addiction Psychiatrist,Vascular Neurologist,Nephrointensivist,Genitourinary Oncologist,Systemic Lupus Erythematosus Specialist,Travel Health Specialist,Thyroid Disease Specialist,Pancreatic Endocrine Surgeon,IBD Specialist,Weight Loss Surgeon,Childhood Cancer Specialist,Liver Cancer Surgeon,Stereotactic Radiation Specialist,Neuropathologist,Blood Bank Specialist,Facial Plastic Surgeon,Sports Physician,Children Urological Surgeon,PET CT Specialist,Histocompatibility Specialist,Geriatric Oncologist,Psychological Pain Specialist,,Burn Reconstruction Specialist,Drug Allergist,Nephrologist,Pediatric Bariatric Surgeon,Adolescent Bariatric Surgeon,Facilities Manager,Family Medicine Sports Specialist,Spinal Cord Injury Specialist,,,,,,
Heart health specialists,Pediatric Cardiothoracic Surgeon,Preventive Medicine Specialist,Bariatric Surgeon,Pelvic Floor Specialist,Pediatric Diabetes and Hormone Doctor,Hip and Knee Replacement Specialist,Breast Radiologist,Laryngologist,Dermatologic Cosmetic Specialist,Glaucoma Specialist,Disaster Response Physician,Surgical Intensivist,Sleep Medicine Pulmonologist,Substance Abuse Psychiatrist,Epileptologist,ICU Nephrologist,Urinary Tract Cancer Specialist,SLE Specialist,Tropical Medicine Specialist,Thyroid Endocrinologist,Pancreatic Islet Cell Surgeon,Crohn’s Disease Specialist,Metabolic Surgeon,Pediatric Cancer Doctor,Biliary Tract Cancer Surgeon,SRS SRT Specialist,Brain Pathologist,Blood Transfusion Specialist,Facial Reconstruction Surgeon,Sports Injury Specialist,Pediatric Urological Specialist,PET CT Technologist,Solid Organ Transplant Specialist,Senior Cancer Specialist,Behavioral Pain Management Specialist,,Skin Grafting Surgeon,Drug Immunologist,Renal Diabetologist,Plastic Surgeon,Teenage Weight Loss Surgeon,Logistics Manager,Sports Cardiologist,Spinal Cord Physiatrist,,,,,,
Interventional Cardiologists,General Thoracic Surgeon,Preventive Care Physician,Weight Loss Surgeon,Pediatric Gynecologist,Pediatric Gastroenterologist,Hand Surgeon,Mammographer,Voice Specialist,Procedural Dermatologist,Glaucoma Surgeon,Emergency Preparedness Specialist,Surgical Critical Care Specialist,Sleep Disorder Specialist,Addiction Medicine Specialist,Seizure Specialist,Dialysis Nephrologist,Endourologist,Systemic Autoimmune Specialist,Transplant Infectious Disease Specialist,Neuroendocrinologist,Neuroendocrine Surgeon,Ulcerative Colitis Specialist,Obesity Surgery Specialist,Hematologist Oncologist,Thoracic Surgical Oncologist,Proton Therapy Specialist,Pediatric Pathologist,Bone Marrow Transplant Specialist,Cosmetic ENT Surgeon,Women Health Specialist,Pediatric Plastic Surgeon,PET CT Radiologist,Coagulation Specialist,Cancer Care for Older Adults Specialist,Orthopedic Pain Specialist,,Hand Surgeon,Medication Allergy Specialist,Kidney Specialist,Body Contouring Surgeon,Pediatric Bariatric Surgeon,Nurse Administrator,Exercise Cardiologist,SCI Rehabilitation Doctor,,,,,,
Electrophysiologists,Cardiothoracic vascular Surgeon,Public Health Physician,Metabolic Surgeon,Adolescent Gynecologist,Children Digestive Specialist,Orthopedic Hand Specialist,Breast Imaging Specialist,Throat Specialist,Dermatologic Surgeon,Ocular Hypertension Specialist,Emergency Sports Medicine Physician,Surgical ICU Doctor,Pulmonary Oncologist,Neuropsychiatrist,Epilepsy Doctor,Hemodialysis Specialist,Minimally Invasive Urologist,Vasculitis Specialist,Post Transplant Infection Specialist,Brain and Hormone Specialist,Neuroendocrine Tumor Surgeon,Pancreatologist,Esophageal Surgeon,Blood Cancer Specialist,Lung Cancer Surgeon,Proton Beam Oncologist,Children Pathologist,Hematopoietic Stem Cell Transplant Specialist,Pediatric ENT Surgeon,Women Health Physician,Children Plastic Surgical Specialist,Therapeutic Nuclear Medicine Specialist,Hemostasis Specialist,Geriatric Rheumatologist,Orthopedic Pain Physician,,Microvascular Surgeon,Asthma Specialist,Ophthalmologist,Post weight Loss Surgery Specialist,Plastic Surgeon,Director of Nursing,Cardiovascular Sports Medicine Specialist,Musculoskeletal Rehabilitation Specialist,,,,,,
Heart Failure Specialists,,Occupational Medicine Specialist,Endocrine Surgeon,Youth Gynecologist,Pediatric GI Doctor,Hand and Wrist Specialist,Cardiovascular Radiologist,Laryngeal Surgeon,Dermatologic Procedural Specialist,Oculoplastic Surgeon,Sports Medicine Emergency Specialist,Trauma Intensivist,Lung Cancer Specialist,Brain Mind Specialist,Neuromuscular Specialist,Peritoneal Dialysis Specialist,Stone Disease Specialist,Vascular Inflammation Specialist,Transplant Infection Doctor,Neuro Hormonal Specialist,NET Surgeon,Pancreas Specialist,Esophagus Surgery Specialist,Hematologic Oncologist,Chest Cancer Surgeon,Proton Radiotherapy Doctor,Molecular Pathologist,Hemoglobinopathy Specialist,Children ENT Specialist,Gynecologist,Pediatric Reconstructive Surgeon,Radiopharmaceutical Therapy Specialist,Thrombosis Specialist,Aging Joint Specialist,Musculoskeletal Pain Specialist,,Hand Reconstruction Specialist,Respiratory Allergist,Retina Specialist,Bariatric Nutritionist,Body Contouring Surgeon,Nursing Manager,Sports Nutritionist,Musculoskeletal Physiatrist,,,,,,
Preventive Cardiologists,,Occupational Health Physician,Thyroid Surgeon,Minimally Invasive Gynecologic Surgeon,Pediatric Pulmonologist,Foot and Ankle Surgeon,Cardiac Imaging Specialist,Pediatric ENT Specialist,Immunodermatologist,Ophthalmic Plastic Surgeon,Sports Injury Emergency Doctor,Trauma Critical Care Specialist,Thoracic Oncologist,Neurological Psychiatrist,Muscle and Nerve Specialist,Hypertension Specialist,Neurourologist,Systemic Vasculitis Specialist,Antimicrobial Stewardship Specialist,Bone Endocrinologist,Pituitary Surgeon,Pancreatic Disease Specialist,Upper GI Surgeon,Gynecologic Oncologist,Head and Neck Surgical Oncologist,Palliative Radiation Oncologist,Genetic Pathologist,Thalassemia Specialist,Pediatric Otolaryngologist,Men Health Specialist,Pediatric Otolaryngologist,Nuclear Therapy Physician,Cellular Therapy Specialist,Senior Rheumatic Disease Specialist,Rheumatology Pain Specialist,,Breast Surgeon,Lung Allergy Specialist,Eye Doctor,Weight Loss Dietitian,Post weight Loss Surgery Specialist,Healthcare Finance Manager,Sports Dietitian,Orthopedic Rehabilitation Doctor,,,,,,
Cardiac Imaging Specialists,,Workplace Health Specialist,Parathyroid Surgeon,Laparoscopic Gynecologic Surgeon,Children Lung Specialist,Orthopedic Foot Specialist,Heart Radiologist,Children ENT Doctor,Immunologic Dermatologist,Orbital and Eyelid Surgeon,Hyperbaric Physician,Trauma ICU Doctor,Pulmonary Allergist,Psychosomatic Psychiatrist,Peripheral Nerve Specialist,Renal Hypertension Specialist,Neurogenic Bladder Specialist,Connective Tissue Disease Specialist,Antibiotic Stewardship Specialist,Metabolic Bone Disease Specialist,Pituitary Gland Surgeon,GI Oncologist,Laparoscopic GI Surgeon,Female Cancer Specialist,Head and Neck Cancer Surgeon,Palliative Radiotherapy Specialist,Renal Pathologist,Sickle Cell Specialist,Head and Neck Cancer Surgeon,Men Health Physician,Children ENT Surgeon,Molecular Imaging Specialist,Stem Cell Transplant Specialist,Geriatric Nephrologist,Rheumatologic Pain Physician,,Breast Reconstruction Specialist,Dermatitis Specialist,Diabetes Educator,Nutrition Specialist,Bariatric Nutritionist,Revenue Cycle Manager,Exercise Nutrition Specialist,Pain Medicine Physiatrist,,,,,,
Cardiac Rehabilitation Specialists,,Sports Medicine Physician,Hepatobiliary Surgeon,Robotic Gynecologic Surgeon,Pediatric Respiratory Doctor,Foot and Ankle Orthopedist,Chest Radiologist,Pediatric Otolaryngologist,Skin Immunologist,Neuro Ophthalmologist,Hyperbaric Oxygen Therapy Specialist,Pulmonary Intensivist,Respiratory Allergist,Consultation Liaison Psychiatrist,Movement Disorder Specialist,Blood Pressure Specialist,Urological Neurology Specialist,Scleroderma Specialist,Antimicrobial Resistance Specialist,Calcium and Bone Specialist,Pituitary Tumor Surgeon,Gastrointestinal Cancer Specialist,Robotic GI Surgeon,Reproductive Cancer Specialist,Otorhinolaryngologic Oncologic Surgeon,End of Life Radiotherapy Doctor,Kidney Pathologist,Myeloproliferative Disorder Specialist,Oncologic ENT Surgeon,Andrologist,Pediatric Ear Nose and Throat Specialist,Molecular Imaging Technologist,Cell Therapy Physician,Kidney Health in Aging Specialist,Rheumatic Pain Specialist,,Breast Augmentation Surgeon,Skin Allergist,Certified Diabetes Educator,Bariatric Psychologist,Weight Loss Dietitian,Financial Analyst,Sports Psychiatrist,Pain Rehabilitation Specialist,,,,,,
Vascular Cardiologists,,Sports Doctor,Liver Surgeon,Reproductive Surgeon,Pediatric Nephrologist,Shoulder and Elbow Surgeon,Thoracic Radiologist,Pediatric Ear Nose and Throat Specialist,Trichologist,Neurologic Eye Specialist,Diving Medicine Specialist,Pulmonary Critical Care Specialist,Allergy and Pulmonology Specialist,Mind Body Specialist,Parkinson’s Disease Specialist,Glomerulonephritis Specialist,Reconstructive Urologist,Mixed Connective Tissue Disease Specialist,Tropical Disease Specialist,Adrenal Endocrinologist,Pediatric Endocrine Surgeon,Digestive System Oncologist,Minimally Invasive Gastrointestinal Surgeon,Neuro Oncologist,Gynecologic Surgical Oncologist,Hyperthermia Oncologist,Gastrointestinal Pathologist,Polycythemia Vera Specialist,Head and Neck Oncologist,Integrative Medicine Specialist,Pediatric Ophthalmologist,Molecular Radiologist,Blood Safety Specialist,Senior Renal Care Specialist,Palliative Pain Specialist,,Body Contouring Specialist,Contact Allergy Specialist,Diabetes Technologist,Behavioral Health Specialist,Nutrition Specialist,HR Manager,Sports Psychologist,Pain Management Doctor,,,,,,
Nuclear Cardiologists,,Athletic Health Specialist,Pancreatic Surgeon,Fertility Surgeon,Children Kidney Specialist,Orthopedic Shoulder Specialist,Pulmonary Imaging Specialist,Thyroid Surgeon,Hair Specialist,Neuro Visual Specialist,Wilderness Medicine Specialist,Pulmonary ICU Doctor,Occupational Lung Specialist,Sleep Psychiatrist,Dystonia Specialist,Glomerular Disease Nephrologist,Genitourinary Reconstruction Specialist,Myositis Specialist,Tropomedicine Doctor,Adrenal Gland Specialist,Child Endocrine Surgeon,Motility Specialist,Endoscopic Surgeon,Brain Cancer Specialist,Gynecologic Cancer Surgeon,Thermal Therapy Specialist,GI Pathologist,Essential Thrombocythemia Specialist,Skull Base Surgeon,Holistic Medicine Practitioner,Children Eye Surgeon,Nuclear Pharmacist,Infectious Disease Specialist,Geriatric Endocrinologist,Palliative Care Physician,,Facial Aesthetic Surgeon,Immunodeficiency Specialist,Insulin Pump Specialist,Mental Health Counselor,Bariatric Psychologist,Human Resources Director,Mental Health Sports Specialist,Geriatric Rehabilitation Specialist,,,,,,
Catheterization Specialist,,Palliative Care Physician,Biliary Surgeon,Gynecologic Reconstructive Surgeon,Pediatric Kidney Doctor,Shoulder and Elbow Orthopedist,Abdominal Radiologist,Parathyroid Surgeon,Scalp Specialist,Refractive Surgeon,Outdoor Emergency Physician,Anesthesia Intensivist,Work Related Respiratory Disease Specialist,Psychiatric Sleep Specialist,Neuro Oncologist,Glomerular Disease Specialist,Urological Reconstruction Surgeon,Polymyositis Specialist,Immunocompromised Host Specialist,Adrenal Disease Specialist,Children Endocrine Surgery Specialist,Gastrointestinal Motility Expert,GI Endoscopic Surgeon,Central Nervous System Oncologist,Female Reproductive System Cancer Surgeon,Hyperthermia Therapy Doctor,Pulmonary Pathologist,Bleeding Disorder Specialist,Cranial Base Surgeon,Functional Medicine Doctor,Pediatric Eye Specialist,Radiopharmaceutical Chemist,Transfusion Transmitted Infections Specialist,Aging Metabolism Specialist,Palliative Pain Management Specialist,,Pediatric Plastic Surgeon,Primary Immunodeficiency Specialist,Continuous Glucose Monitor Specialist,Bariatric Medicine Specialist,Behavioral Health Specialist,Employee Relations Specialist,Sports Rehabilitation Physician,Geriatric Physiatrist,,,,,,
Angioplasty Specialist,,Palliative Medicine Specialist,Surgical Oncologist,General Gynecologist,Pediatric Infectious Disease Specialist,Orthopedic Trauma Surgeon,Gastrointestinal Radiologist,Head and Neck Oncologist,Dermatologic Oncologist,Laser Eye Surgeon,Expedition Medicine Doctor,Anesthesiology Critical Care Specialist,Occupational Pulmonologist,Sleep Disorder Psychiatrist,Brain Cancer Specialist,Electrolyte Specialist,Sexual Medicine Specialist,Dermatomyositis Specialist,Infections in Immunocompromised Patients Specialist,Lipidologist,Endocrine Oncology Surgeon,GI Motility Doctor,Therapeutic Endoscopist,Thoracic Oncologist,Urologic Surgical Oncologist,IGRT Specialist,Lung Pathologist,Hemophilia Specialist,Neuro Otologic Surgeon,Palliative Care Specialist,Pediatric GI Surgeon,Nuclear Neurologist,Hemoglobinopathy Specialist,Hormonal Health in Older Adults Specialist,Pain Procedure Specialist,,Children Plastic Surgeon,Secondary Immunodeficiency Specialist,Obesity Specialist,Endocrinologist,Mental Health Counselor,Compliance Officer,Rehabilitation Sports Specialist,Senior Rehabilitation Doctor,,,,,,
Stenting Specialist,,End of Life Care Specialist,Cancer Surgeon,Women Health Physician,Children Infection Specialist,Trauma Orthopedist,GI Radiologist,Facial Plastic Surgeon,Skin Cancer Specialist,LASIK Specialist,Undersea Medicine Physician,Anesthesia ICU Doctor,Pulmonary Rehabilitation Specialist,Emergency Psychiatrist,Neurological Oncologist,Metabolic Nephrologist,Erectile Dysfunction Specialist,Spondyloarthritis Specialist,Immunocompromised Host Infectiologist,Cholesterol Specialist,Minimally Invasive Endocrine Surgeon,GI Nutrition Specialist,Gastrointestinal Surgical Oncologist,Lung Cancer Specialist,Urologic Cancer Surgeon,Image Guided Radiotherapy Oncologist,Oncologic Pathologist,Von Willebrand Disease Specialist,Sleep Surgeon,End of Life Care Specialist,Children Gastrointestinal Surgeon,Neuroimaging Specialist,Red Cell Disorder Specialist,Geriatric Pulmonologist,Pain Interventionist,,Pediatric Reconstructive Surgeon,Autoimmune Allergist,Bariatric Physician,Gastroenterologist,Bariatric Medicine Specialist,Ethics Officer,Physical Medicine and Rehabilitation Sports Doctor,Cardiac Rehabilitation Specialist,,,,,,
Cardiac Electrophysiologist,,Emergency Physician,Oncologic Surgeon,Routine Gynecology Specialist,Pediatric Infectious Disease Doctor,Fracture Specialist,Nuclear Radiologist,Reconstructive ENT Surgeon,Cutaneous Oncologist,Cataract Specialist,Hyperbaric Medicine Specialist,Cardiothoracic Intensivist,Respiratory Rehabilitation Specialist,Crisis Psychiatrist,Headache Specialist,Fluid and Electrolyte Specialist,Male Sexual Health Doctor,Ankylosing Spondylitis Specialist,Parasitologist,Lipid Metabolism Specialist,Laparoscopic Endocrine Surgeon,Obesity Gastroenterologist,GI Cancer Surgeon,Chest Cancer Specialist,Genitourinary Cancer Surgeon,Image Guided Radiation Specialist,Cancer Pathologist,Platelet Disorder Specialist,Sleep Apnea Surgeon,Hospice Care Provider,Pediatric Abdominal Surgeon,Brain Imaging Specialist,Thalassemia Specialist,Respiratory Health in Aging Specialist,Cancer Pain Specialist,,Maxillofacial Surgeon,Autoimmune Immunologist,Lipidologist,Anesthesiologist,Endocrinologist,Risk Management Specialist,Sports Neurologist,Cardiac Physiatrist,,,,,,
Arrhythmia Specialist,,Emergency Medicine Specialist,Gastrointestinal Surgeon,Obstetric Anesthesiologist,Pediatric Hematologist,Orthopedic Oncologist,Nuclear Medicine Specialist,Cosmetic ENT Surgeon,Photodermatologist,Lens Implant Specialist,Emergency Palliative Care Specialist,Cardiothoracic Critical Care Specialist,Lung Rehabilitation Doctor,Acute Care Psychiatrist,Migraine Specialist,CKD Specialist,Urodynamic Specialist,Axial Spondyloarthritis Specialist,Parasitic Disease Specialist,Pituitary Endocrinologist,Robotic Endocrine Surgeon,Nutritional Gastroenterologist,Digestive System Cancer Surgeon,Head and Neck Oncologist,Sarcoma Surgical Oncologist,IMRT Specialist,Cytotechnologist,Thrombocytopenia Specialist,Sleep Disorders Specialist,Addiction Medicine Specialist,Pediatric Cardiovascular Surgeon,Thyroid Nuclear Medicine Specialist,Platelet Disorder Specialist,Lung Care for Seniors Specialist,Oncologic Pain Physician,,Oral and Maxillofacial Surgeon,Autoimmune Specialist,Cholesterol Specialist,Physical Therapist,Gastroenterologist,Medical Staff Coordinator,Neuro Sports Medicine Specialist,Cardiopulmonary Rehabilitation Doctor,,,,,,
Pacemaker Specialist,,ER Doctor,GI Surgeon,Maternal Anesthesia Specialist,Children Blood Specialist,Musculoskeletal Oncologist,Nuclear Imaging Specialist,Sleep Specialist,Light Therapy Specialist,Uveitis Specialist,Palliative Emergency Physician,Cardiothoracic ICU Doctor,Cystic Fibrosis Specialist,Community Psychiatrist,Headache and Pain Specialist,Chronic Renal Disease Specialist,Urinary Flow Specialist,Gout Specialist,Parasite Infection Specialist,Pituitary Disease Specialist,Endocrine Cancer Surgeon,Celiac Specialist,Liver Transplant Surgeon,ENT Oncologist,Soft Tissue Cancer Surgeon,Intensity Modulated Radiotherapy Oncologist,Immunopathologist,Platelet Function Disorder Specialist,Salivary Gland Surgeon,Substance Abuse Specialist,Children Vascular Surgeon,Endocrine Imaging Specialist,Thrombocytopenia Specialist,Geriatric Infectious Disease Specialist,Pain in Oncology Specialist,,Facial Jaw Surgery Specialist,Occupational Allergist,Neurologist,Exercise Physiologist,Anesthesiologist,Credentialing Specialist,Sports Concussion Specialist,Pulmonary Rehabilitation Specialist,,,,,,
Heart Transplant Cardiologist,,Hospitalist,Digestive System Surgeon,Labor and Delivery Anesthesiologist,Pediatric Blood Disorder Doctor,Bone Cancer Specialist,Emergency Radiologist,Sleep Apnea Specialist,UV Therapy Specialist,Ocular Inflammation Specialist,End of Life Care Emergency Doctor,Infectious Disease Intensivist,Cystic Fibrosis Pulmonologist,Public Psychiatry Specialist,Neuroimmunologist,Chronic Nephrology Specialist,Bladder Function Specialist,Pseudogout Specialist,Virologist,Pituitary Gland Specialist,Hormonal Cancer Surgeon,Gluten Sensitivity Specialist,Intestinal Transplant Surgeon,Otolaryngologic Oncologist,Bone Cancer Surgeon,IMRT Radiation Specialist,Toxicologic Pathologist,Immunohematologist,Parotid Surgeon,Behavioral Health Specialist,Pediatric Vascular Specialist,Thyroid Scan Specialist,Platelet Transfusion Specialist,Senior Infection Specialist,Acute Pain Specialist,,Transplant Plastic Surgeon,Environmental Allergist,Neuropathologist,Patient Support Groups and Counseling Specialists,Physical Therapist,Medical Staff Services Manager,Sports Radiologist,Pulmonary Physiatrist,,,,,,
Advanced Heart Failure Specialist,,Inpatient Care Specialist,Cardiothoracic Surgeon,Family Planning Specialist,Pediatric Allergist,Orthopedic Rheumatologist,Trauma Radiologist,ENT Sleep Medicine Specialist,Clinical Dermatologist,Uveitis and Ocular Immunology Specialist,Trauma Surgeon,Infectious Disease Critical Care Specialist,CF Lung Specialist,Social Psychiatry Specialist,Multiple Sclerosis Specialist,AKI Specialist,Transplant Urologist,Crystal Induced Arthritis Specialist,Viral Disease Specialist,Obesity Endocrinologist,Endocrine Tumor Surgeon,Celiac Disease Doctor,Pancreas Transplant Surgeon,Urologic Oncologist,Skin Cancer Surgeon,Molecular Radiation Oncologist,Veterinary Pathologist,Blood Immunologist,Submandibular Gland Surgeon,Rural Health Specialist,Pediatric Thoracic Surgeon,Bone Scintigraphy Specialist,Patient Blood Management Specialist,Aging Immunology Specialist,Postoperative Pain Physician,,Facial Transplant Specialist,Workplace Allergy Specialist,Nerve Specialist,,Exercise Physiologist,Healthcare IT Manager,Musculoskeletal Radiologist,Respiratory Rehabilitation Doctor,,,,,,
Cardiomyopathy Specialist,,Integrative Medicine Specialist,Heart and Lung Surgeon,Contraception Specialist,Pediatric Immunologist,Rheumatic Disease Orthopedist,Acute Care Radiologist,ENT Allergist,General Dermatologist,Ocular Oncologist,Emergency Trauma Specialist,Infectious Disease ICU Doctor,Pulmonary Infectious Disease Specialist,Rehabilitation Psychiatrist,Autoimmune Neurology Specialist,Acute Renal Failure Specialist,Renal Transplant Specialist,Uveitis Specialist,Viral Infection Doctor,Weight Management Specialist,Endocrine Gland Specialist Surgeon,Esophageal Specialist,General Surgeon with GI Specialty,Genitourinary Cancer Specialist,Melanoma Surgeon,Radiobiologist,Experimental Pathologist,Hematology Oncology Specialist,Thyroid Surgeon,Rural Practitioner,Children Chest Surgeon,Bone Imaging Technologist,Blood Utilization Coordinator,Geriatric Gastroenterologist,Acute Pain Control Specialist,,Hand Transplant Surgeon,Eosinophilic Specialist,Cardiologist,,Patient Support Groups and Counseling Specialists,Chief Information Officer,Imaging Sports Specialist,Cancer Rehabilitation Specialist,,,,,,
Children Heart Specialist,,Holistic Medicine Physician,Thoracic Surgeon,Sexual Health Specialist,Children Allergy and Immune Specialist,Joint Disease Specialist,Oncologic Radiologist,Allergy Specialist,Medical Dermatologist,Eye Cancer Specialist,Flight Physician,Medical Intensivist,Respiratory Infectious Disease Specialist,Psychiatric Rehabilitation Specialist,Behavioral Neurologist,Acute Nephrology Specialist,Kidney Transplant Urologist,Autoimmune Ophthalmology Specialist,Bacteriologist,Obesity Medicine Specialist,Endocrine System Surgeon,Esophagologist,Digestive Surgery Specialist,Prostate Cancer Specialist,Dermatologic Oncologic Surgeon,Molecular Radiotherapy Specialist,Clinical Trial Pathologist,Hematology Researcher,Parathyroid Surgeon,Country Doctor,Pediatric Thoracic Specialist,Skeletal Nuclear Medicine Specialist,Blood Conservation Specialist,Digestive Health in Older Adults Specialist,Integrative Pain Specialist,,Gender Surgeon,Eosinophilic Immunologist,Heart Specialist,,Epigenetic Researcher,Health Informatics Specialist,Exercise Physiologist,Oncology Rehabilitation Doctor,,,,,,
Congenital Heart Disease Specialist,,Alternative Medicine Specialist,Transplant Surgeon,,Pediatric Rheumatologist,Minimally Invasive Orthopedic Surgeon,Cancer Imaging Specialist,ENT Immunologist,Geriatric Dermatologist,Ophthalmic Oncologist,Urgent Care Physician,Medical Critical Care Specialist,Infectious Pulmonologist,Recovery Psychiatrist,Neuropsychiatrist,Renal Pathologist,Incontinence Specialist,Ocular Rheumatologist,Bacterial Disease Specialist,Menopause Specialist,Endocrine Surgical Oncologist,Reflux Specialist,Abdominal Surgeon,Gastrointestinal Oncologist,Neurosurgical Oncologist,Radiosurgery Specialist,,Clinical Hematologist,Thyroid and Parathyroid Specialist,Hospitalist,Pediatric Oncologic Surgeon,Radiation Safety Officer,Clinical Immunologist,Senior GI Specialist,Complementary Pain Physician,,Gender Reassignment Surgeon,Eosinophilic Disease Specialist,Diabetes Researcher,,Population Geneticist,Patient Experience Officer,Sports Physiologist,Oncologic Physiatrist,,,,,,
Cardiovascular Prevention Specialist,,Junior Consultant,Organ Transplant Surgeon,,Children Arthritis Specialist,Arthroscopic Surgeon,Tumor Imaging Specialist,Audiologist,Elderly Skin Specialist,Low Vision Specialist,Pre Hospital Care Physician,Medical ICU Doctor,Asthma Specialist,Consultation Psychiatrist,Cognitive Neurologist,Renal Pharmacologist,Bladder Control Specialist,Fibromyalgia Specialist,Bacterial Infection Doctor,Polycystic Ovary Syndrome Specialist,Metabolic Surgeon,Proctologist,Stomach Surgeon,GI Cancer Specialist,Brain Cancer Surgeon,CyberKnife Specialist,,Hematology Consultant,Neck Surgery Specialist,Inpatient Care Physician,Children Cancer Surgeon,Radiation Physicist,Hematopathologist,Geriatric Care Manager,Holistic Pain Specialist,,Transgender Surgery Specialist,Allergy Researcher,Public Health Specialist,,Evolutionary Geneticist,Patient Relations Manager,Performance Medicine Specialist,Orthotics Specialist,,,,,,
Heart Disease Prevention Specialist,,,Plastic Surgeon,,Pediatric Joint and Autoimmune Doctor,Laparoscopic Orthopedist,Head and Neck Radiologist,Balance Specialist,Aging Skin Specialist,Vision Rehabilitation Specialist,Emergency Medicine Consultant,Nephrology Intensivist,COPD Specialist,Liaison Psychiatrist,Neurogeneticist,Uro Nephrologist,Urinary Leakage Specialist,Rheumatic Fever Specialist,Mycologist,Endocrine Oncologist,Functional Endocrine Surgeon,Colorectal Specialist,Gastroesophageal Surgeon,Digestive System Cancer Specialist,Spinal Cancer Surgeon,Gamma Knife Specialist,,Pediatric Hematology Oncology Specialist,ENT Allergist,Hospital Based Family Physician,Pediatric Oncological Specialist,Clinical Nuclear Medicine Specialist,Clinical Chemist,Geriatric Nurse Practitioner,Chronic Pain Rehabilitation Specialist,,Oncologic Reconstruction Surgeon,Immunology Researcher,,,Human Population Geneticist,Patient Advocacy Specialist,Sports Endocrinologist,Prosthetics Specialist,,,,,,
Cardiovascular Radiologist,,,Reconstructive Surgeon,,Pediatric Surgeon,Rehabilitation Orthopedist,ENT Radiologist,Vestibular Specialist,Dermatologic Allergist,Visual Impairment Specialist,Resuscitation Specialist,Nephrology Critical Care Specialist,Obstructive Lung Disease Specialist,Inpatient Psychiatry Consultant,Genetic Neurologist,Diabetic Nephropathy Specialist,Prostate Specialist,Lupus Specialist,Fungal Disease Specialist,Hormone Replacement Therapy Specialist,Endocrine Transplant Surgeon,Biliary Specialist,Hernia Surgeon,Breast Oncologist,Pediatric Surgical Oncologist,External Beam Radiation Specialist,,Geriatric Hematologist,Head and Neck Trauma Surgeon,Public Health Physician,Pediatric Surgical Intensivist,Nuclear Medicine Educator,Regulatory Affairs Specialist,Palliative Care Specialist,Non Surgical Pain Specialist,,Cancer Reconstruction Specialist,Clinical Immunologist,,,Bioinformatics Geneticist,Strategic Planning Manager,Exercise Endocrinologist,Orthotics and Prosthetics Physiatrist,,,,,,
Echocardiographer,,,Cosmetic Surgeon,,Children Surgeon,Orthopedic Rehabilitation Specialist,Cranial Imaging Specialist,Skull Base Surgeon,Allergy and Immunology Dermatologist,Optometrist,Emergency Medicine Researcher,Renal ICU Doctor,Thoracic Medicine Specialist,Psychopharmacologist,Neurogenetic Specialist,Renal Epidemiologist,Kidney Stone Specialist,Sjogren’s Syndrome Specialist,Fungal Infection Doctor,Metabolic Endocrinologist,Endocrine Trauma Surgeon,Gastrointestinal Pathologist,Proctologist,Breast Cancer Specialist,Children Cancer Surgeon,Clinical Oncologist,,,Craniofacial Surgeon,Community Medicine Specialist,Fetal Surgeon,Quality Control Specialist Nuclear Medicine,Quality Assurance Specialist,Hospice Care Specialist,Sports Pain Management Specialist,,Breast Reconstruction Surgeon,Allergy Testing Specialist,,,Computational Geneticist,Business Development Director,Hormone Sports Specialist,Amputation Rehabilitation Specialist,,,,,,
Cardiac MRI Specialist,,,Minimally Invasive Surgeon,,Pediatric Surgical Specialist,Orthopedic Physiatrist,Genitourinary Radiologist,Salivary Gland Specialist,Venereologist,Contact Lens Specialist,Telemedicine Emergency Physician,Hepatology Intensivist,Bronchology Specialist,Clinical Psychiatrist,Sleep Neurologist,Renal Nutrition Specialist,Bladder Specialist,Behçet’s Disease Specialist,Zoonotic Disease Specialist,Andrologist,Endocrine Vascular Surgeon,Functional GI Disorders Specialist,GI Surgical Consultant,Mammary Oncologist,Pediatric Oncologic Surgeon,Radiation Dosimetrist,,,Temporal Bone Surgeon,Population Health Specialist,Pediatric Trauma Surgeon,Research Nuclear Medicine Specialist,Laboratory Director,Long Term Care Specialist,Pediatric Pain Specialist,,Vascular Surgeon,Desensitization Specialist,,,Genomic Data Analyst,Healthcare Strategist,Team Physician,Amputation Physiatrist,,,,,,
Peripheral Vascular Specialist,,,Laparoscopic Surgeon,,Neonatologist,Non Surgical Orthopedist,GU Radiologist,Craniofacial Specialist,Psoriasis Specialist,Medical Retina Specialist,,Hepatology Critical Care Specialist,Interstitial Lung Disease Specialist,Behavioral Medicine Specialist,Neurological Sleep Specialist,Nephrology Researcher,Testicular Specialist,Antiphospholipid Syndrome Specialist,Zoonoses Specialist,Parathyroid Specialist,,Small Bowel Specialist,GI Trauma Surgeon,Orthopedic Oncologist,Robotic Cancer Surgeon,Radiation Therapy Technologist,,,Reconstructive ENT Surgeon,Occupational Medicine Physician,Pediatric Robotic Surgeon,Radiation Biology Specialist,,Geriatric Physical Therapist,Geriatric Pain Specialist,,Vascular Anomalies Specialist,Immunotherapy Specialist,,,Genetics Researcher,Public Health Administrator,Athlete Care Specialist,Limb Loss Rehabilitation Doctor,,,,,,
Vascular Medicine Specialist,,,Robotic Surgeon,,Newborn Specialist,Orthopedic Consultant,Urogenital Imaging Specialist,Airway Specialist,Eczema Specialist,Ophthalmic Pathologist,,Liver ICU Doctor,Sarcoidosis Specialist,Mental Health Consultant,Sleep Disorder Neurologist,Polycystic Kidney Disease Specialist,Penile Specialist,Sarcoidosis Specialist,Animal Related Infection Specialist,Endocrine Surgeon,,Endoscopic Ultrasound Specialist,GI Emergency Surgeon,Bone Cancer Specialist,Minimally Invasive Surgical Oncologist,Radiobiology Researcher,,,Microvascular Head and Neck Surgeon,Workplace Health Specialist,Pediatric Minimally Invasive Surgeon,,,Gerontologist,Complex Pain Specialist,,Venous Malformation Surgeon,Anaphylaxis Specialist,,,Genetics Professor,Population Health Manager,Performance Enhancement Specialist,Brain Injury Specialist,,,,,,
Cardiac CT Specialist,,,Neurosurgeon,,Premature Baby Doctor,,Ultrasound Specialist,Swallowing Specialist,Acne Specialist,Ocular Geneticist,,Critical Care Anesthesiologist,Pulmonary Hypertension Specialist,Mood Disorder Specialist,Autonomic Neurologist,Tubulointerstitial Nephritis Specialist,Scrotal Specialist,Polymyalgia Rheumatica Specialist,Emerging Infectious Disease Specialist,Diabetes Educator,,Bariatric Endoscopist,,Musculoskeletal Oncologist,Laparoscopic Cancer Surgeon,Oncologic Radiotherapy Consultant,,,,Employee Health Doctor,Pediatric Surgical Researcher,,,Age friendly Health Services Specialist,Regenerative Pain Specialist,,Plastic Surgery Researcher,Mast Cell Disorders Specialist,,,Genetics Laboratory Director,Health Policy Analyst,Sports Injury Specialist,Traumatic Brain Injury Physiatrist,,,,,,
Cardiac Rehab Therapist,,,Brain Surgeon,,Pediatric Dermatologist,,Sonographer,,Pigmentation Disorder Specialist,Strabismus Specialist,,Respiratory Intensive Care Specialist,Pleural Disease Specialist,Anxiety Disorder Specialist,Autonomic Nervous System Specialist,Lupus Nephritis Specialist,Urology Surgeon,Takayasu’s Arteritis Specialist,New Infectious Disease Specialist,Gestational Diabetes Specialist,,Transplant Hepatologist,,Cutaneous Oncologist,Peritoneal Surface Malignancy Surgeon,Adaptive Radiation Therapy Specialist,,,,Preventive Medicine Specialist,Pediatric Surgical Educator,,,Elder Abuse Specialist,Telemedicine Pain Specialist,,Plastic Surgery Consultant,Travel Medicine Allergist,,,Genetics Educator,Telehealth Administrator,Sports Medicine Consultant,Brain Injury Rehabilitation Doctor,,,,,,
Cardiac Exercise Specialist,,,Spine Surgeon,,Children Skin Specialist,,MRI Specialist,,Wound Care Specialist,Dry Eye Specialist,,Burn Intensive Care Specialist,Pulmonary Vascular Disease Specialist,Psychiatric Counselor,Dysautonomia Specialist,,Urogynecologist,Giant Cell Arteritis Specialist,EID Specialist,Metabolic Syndrome Specialist,,Gastrointestinal Surgeon,,Skin Cancer Specialist,Endocrine Surgical Oncologist,Radiation Oncology Physicist,,,,Wellness Doctor,,,,Dementia Care Specialist,,,Facial Plastic Surgeon,Biological Allergy Specialist,,,Genetics Technician,Telemedicine Program Manager,Exercise Medicine Consultant,Stroke Rehabilitation Specialist,,,,,,
,,,Urologic Surgeon,,Pediatric Skin Doctor,,CT Scan Specialist,,Infectious Disease Dermatologist,Anterior Segment Surgeon,,Multidisciplinary ICU Physician,Ventilation Specialist,Therapeutic Psychiatrist,Neurorehabilitation Specialist,,Urological Oncologist,Autoimmune Hepatitis Specialist,Epidemiologist,Endocrine Geneticist,,General GI Practitioner,,Dermato Oncologist,Sentinel Lymph Node Biopsy Specialist,Targeted Radiotherapy Specialist,,,,Health Promotion Specialist,,,,,,,Body Lift Surgeon,Diagnostic Allergy Specialist,,,Genetics Engineer,Virtual Care Specialist,Sports Medicine Surgeon,Stroke Physiatrist,,,,,,
,,,Urologist,,Child Psychiatrist,,Radiation Oncologist,,,,,Critical Care Researcher,Pulmonary Function Specialist,PTSD Specialist,Rehabilitation Neurologist,,Urological Surgeon,Relapsing Polychondritis Specialist,Microbiologist,Hormone Therapy Specialist,,,,Palliative Oncologist,Cryosurgical Oncologist,,,,,Emergency Medicine Physician,,,,,,,Liposuction Surgeon,,,,Genetic Testing Specialist,Healthcare Consultant,Sports Performance Specialist,Cerebrovascular Rehabilitation Doctor,,,,,,
,,,Genitourinary Surgeon,,Pediatric Psychiatrist,,PET Scan Specialist,,,,,Critical Care Consultant,Respiratory Failure Specialist,Bipolar Disorder Specialist,Neuro Rehab Doctor,,Urinary Tract Infection Specialist,Eosinophilic Granulomatosis with Polyangiitis Specialist,Infectious Disease Researcher,Insulin Specialist,,,,Cancer Pain Management Specialist,Radiofrequency Ablation Specialist,,,,,Urgent Care Physician,,,,,,,Rhinoplasty Surgeon,,,,Genetics Policy Analyst,Healthcare Operations Consultant,Biomechanics Specialist,Functional Rehabilitation Specialist,,,,,,
,,,Orthopedic Surgeon,,Children Mental Health Specialist,,Interventional Oncologist,,,,,ECMO Specialist,,Depression Specialist,Neuroinfectious Disease Specialist,,Benign Prostatic Hyperplasia Specialist,Granulomatosis with Polyangiitis Specialist,Public Health Infectious Disease Specialist,Endocrine Disorder Specialist,,,,End of Life Cancer Care Specialist,Palliative Cancer Surgeon,,,,,Medical Home Provider,,,,,,,Eyelid Surgery Specialist,,,,Genetics Editor,Healthcare Project Manager,Sports Science Specialist,Rehabilitation Consultant,,,,,,
,,,Bone and Joint Surgeon,,Pediatric Radiologist,,Interventional Oncologist,,,,,Sepsis Specialist,,Psychodynamic Psychiatrist,Neurological Infectious Disease Doctor,,Uro Oncologist,Microscopic Polyangiitis Specialist,Communicable Disease Specialist,Hormone Imbalance Specialist,,,,Oncology Researcher,Oncoplastic Surgeon,,,,,Continuity of Care Provider,,,,,,,,,,,Clinical Trials Geneticist,Healthcare Facility Planner,Sports Kinesiologist,Physical Rehabilitation Doctor,,,,,,
,,,Musculoskeletal Surgeon,,Children Imaging Specialist,,,,,,,Organ Transplant ICU Doctor,,Cognitive Behavioral Psychiatrist,Infectious Disease Neurologist,,Interstitial Cystitis Specialist,Autoimmune Lung Disease Specialist,Nosocomial Infection Specialist,,,,,Cancer Epidemiologist,,,,,,Community Based Physician,,,,,,,,,,,,Clinical Services Manager,Sports Chiropractic Physician,Rehabilitation Medicine Consultant,,,,,,
,,,Chest Surgeon,,Pediatric Imaging Doctor,,,,,,,Emergency Critical Care Specialist,,,Neurological Pain Specialist,,Pelvic Floor Specialist,Raynaud’s Phenomenon Specialist,Bioterrorism Infectious Disease Specialist,,,,,Oncology Geneticist,,,,,,,,,,,,,,,,,,Emergency Management Specialist,Sports Physical Therapist,Occupational Rehabilitation Specialist,,,,,,
,,,Pulmonary Surgeon,,Pediatric Ophthalmologist,,,,,,,,,,Pain Neurologist,,,Undifferentiated Connective Tissue Disease Specialist,Chronic Infectious Disease Specialist,,,,,Immuno Oncologist,,,,,,,,,,,,,,,,,,Lean Six Sigma Specialist,Sports Occupational Therapist,Rehabilitation Medicine Educator,,,,,,
,,,,,Children Eye Specialist,,,,,,,,,,Neuro Pain Doctor,,,Immunologic Disease Specialist,Vector Borne Disease Specialist,,,,,Oncology Nurse Practitioner,,,,,,,,,,,,,,,,,,,Sports Massage Therapist,Rehabilitation Researcher,,,,,,
,,,,,Pediatric Eye Doctor,,,,,,,,,,Neuroendocrinologist,,,Soft Tissue Rheumatism Specialist,Infection Preventionist,,,,,Cancer Biologist,,,,,,,,,,,,,,,,,,,Athletic Trainer,Workplace Rehabilitation Specialist,,,,,,
,,,,,Pediatric Otolaryngologist,,,,,,,,,,Neuroanatomist,,,,Outbreak Investigator,,,,,Translational Oncologist,,,,,,,,,,,,,,,,,,,Exercise Rehabilitation Specialist,Vocational Rehabilitation Specialist,,,,,,
,,,,,Pediatric ENT Specialist,,,,,,,,,,Neuropharmacologist,,,,Contagious Disease Specialist,,,,,Oncology Pharmacist,,,,,,,,,,,,,,,,,,,Sports Medicine Researcher,Chronic Pain Rehabilitation Specialist,,,,,,
,,,,,Children Ear Nose and Throat Doctor,,,,,,,,,,Neurophysiologist,,,,Infectious Disease Consultant,,,,,Supportive Care Oncologist,,,,,,,,,,,,,,,,,,,Sports Medicine Educator,Rehabilitation Program Director,,,,,,
,,,,,Pediatric Orthopedic Surgeon,,,,,,,,,,Neurogenetic Counselor,,,,Sexually Transmitted Infection Specialist,,,,,Integrative Oncologist,,,,,,,,,,,,,,,,,,,,Inpatient Rehabilitation Specialist,,,,,,
,,,,,Children Bone Specialist,,,,,,,,,,Neurotoxicologist,,,,Influenza Specialist,,,,,,,,,,,,,,,,,,,,,,,,,Outpatient Rehabilitation Specialist,,,,,,
,,,,,Pediatric Musculoskeletal Doctor,,,,,,,,,,Cerebrospinal Fluid Specialist,,,,,,,,,,,,,,,,,,,,,,,,,,,,,Community Rehabilitation Specialist,,,,,,
,,,,,Adolescent Medicine Specialist,,,,,,,,,,Neurovascular Interventionist,,,,,,,,,,,,,,,,,,,,,,,,,,,,,Rehabilitation Hospitalist,,,,,,
,,,,,Youth Health Specialist,,,,,,,,,,Functional Neurologist,,,,,,,,,,,,,,,,,,,,,,,,,,,,,Transitional Rehabilitation Specialist,,,,,,
,,,,,Pediatric Critical Care Specialist,,,,,,,,,,Neurohospitalist,,,,,,,,,,,,,,,,,,,,,,,,,,,,,Comprehensive Rehabilitation Specialist,,,,,,
,,,,,Pediatric Emergency Medicine Specialist,,,,,,,,,,Neurovirology Specialist,,,,,,,,,,,,,,,,,,,,,,,,,,,,,Rehabilitation Case Manager,,,,,,
,,,,,Pediatric Geneticist,,,,,,,,,,,,,,,,,,,,,,,,,,,,,,,,,,,,,,,Rehabilitation Coordinator,,,,,,
,,,,,Pediatric Palliative Care Specialist,,,,,,,,,,,,,,,,,,,,,,,,,,,,,,,,,,,,,,,Rehabilitation Therapist,,,,,,
,,,,,Developmental Behavioral Pediatrician,,,,,,,,,,,,,,,,,,,,,,,,,,,,,,,,,,,,,,,,,,,,,
,,,,,Pediatric Intensivist,,,,,,,,,,,,,,,,,,,,,,,,,,,,,,,,,,,,,,,,,,,,,