Clinical Technician,Health Educator,Medical Office Assistant,Community Health Worker,Case Manager,Genetic Counselor,Housekeeping Head,Infection Control Practitioner,Medical Technologist,Patient Care Coordinator,Clinical Research Coordinator,Security Guard,Prosthetist,Patient Transporter,Patient Support Groups and Counseling Specialists,Pediatric Nurse,Dental Hygienist,Hearing Aid Specialist,Cafeteria Worker,Therapeutic Recreation Specialist,Transplant Coordinator
Allied Health Technician,Caregiver,Clinical Trial Assistant,Community Outreach Worker,Discharge Planner,Genetics Policy Analyst,Housekeeping Staff,Infection Control Practitioner,Medical Transcriptionist,Patient Coordinator,Quality Assurance Coordinator,Security Guard,Orthotist,Porter,Patient Sitter,Pediatric Nurse,Dental Hygienist,Speech Language Pathologist,Dietary Aide,Vocational Rehabilitation Counselor,Transplant Coordinator
Anesthesia Technician,Chaplain,Medical Records Clerk,Food Service Worker,Geriatric Care Manager,Genomic Biochemist,,,,Patient Experience Officer,,,,Transporter,,,,,,,
Behavioral Health Technician,Child Life Specialist,Ward Clerk,Health Aide,Unit Secretary,Genomic Data Analyst,,,,Patient Liaison,,,,,,,,,,,
Biomedical Technician,Healthcare Support,,Home Health Aide,Volunteer Coordinator,,,,,Patient Relations Manager,,,,,,,,,,,
Central Sterile Processing Technician,Healthcare Support Staff,,Rehabilitation Aide,,,,,,Scheduling Coordinator,,,,,,,,,,,
Diagnostic Technician,Hospital Support Staff,,Social Worker,,,,,,,,,,,,,,,,,
Dialysis Technician,Medical Interpreter,,Substance Abuse Counselor,,,,,,,,,,,,,,,,,
Emergency Medical Technician,Medical Receptionist,,,,,,,,,,,,,,,,,,,
Endoscopy Technician,Medical Secretary,,,,,,,,,,,,,,,,,,,
Engineering Technician,Patient Advocate,,,,,,,,,,,,,,,,,,,
Health Services Technician,Support Staff,,,,,,,,,,,,,,,,,,,
Healthcare Technician,,,,,,,,,,,,,,,,,,,,
ICU Technicians,,,,,,,,,,,,,,,,,,,,
Laboratory Technician,,,,,,,,,,,,,,,,,,,,
Medical Support Technician,,,,,,,,,,,,,,,,,,,,
Medical Technician,,,,,,,,,,,,,,,,,,,,
Mental Health Technician,,,,,,,,,,,,,,,,,,,,
Ophthalmic Technician,,,,,,,,,,,,,,,,,,,,
Orthopedic Technician,,,,,,,,,,,,,,,,,,,,
Patient Care Technician,,,,,,,,,,,,,,,,,,,,
Patient Care Technician,,,,,,,,,,,,,,,,,,,,
Pharmacy Technician,,,,,,,,,,,,,,,,,,,,
Radiology Technician,,,,,,,,,,,,,,,,,,,,
Ultrasound Technician,,,,,,,,,,,,,,,,,,,,
Cardiovascular Technologist,,,,,,,,,,,,,,,,,,,,
Nuclear Medicine Technologist,,,,,,,,,,,,,,,,,,,,
Radiologic Technologist,,,,,,,,,,,,,,,,,,,,
Respiratory Therapist,,,,,,,,,,,,,,,,,,,,
Phlebotomist,,,,,,,,,,,,,,,,,,,,
Surgical Technologist,,,,,,,,,,,,,,,,,,,,