Hospital Executive,Chief Compliance Officer,Clinical Manager,Director of Facilities Management,Chief Operating Officer,Director of Finance,Chief Information Officer,Healthcare Administrator,HR Manager,Healthcare Project Manager,Nurse Manager,Quality Assurance Coordinator,Rehabilitation Case Manager,Telehealth Administrator
Hospital Manager,Chief Executive Officer,Clinical Quality Manager,Healthcare Project Manager,Director of Operations,Finance Manager,Health Information Manager,Healthcare Consultant,Medical Staff Coordinator,Healthcare Strategist,Chief Nursing Officer,Quality Assurance Specialist,Rehabilitation Coordinator,Telehealth Administrator
Administrative Services Manager,Chief Financial Officer,Clinical Services Manager,Director of Human Resources,Director of Patient Services,Financial Analyst,Health Policy Analyst,Healthcare Executive,Medical Staff Services Manager,Hospital Administrator,Director of Nursing,Quality Control Specialist,Rehabilitation Program Director,
Admissions Clerk,Chief Information Officer,Compliance Manager,Director of Marketing and Public Relations,Healthcare Operations Consultant,Healthcare Finance Manager,IT Manager,Territory Manager,,Health Promotion Specialist,,Quality Control Specialist,,
Assistant Manager,Chief Medical Officer,Compliance Officer,Director of Pharmacy,Director of Quality Improvement,Hospital CFO,Healthcare IT Manager,Billing and Coding Manager,,,,Quality Improvement Specialist,,
Assistant Medical Superintendent,Chief Nursing Officer,Medical Records Administrator,Director of Quality Improvement,Director of Risk Management,Revenue Cycle Manager,,,,,,,,
Billing and Coding Manager,Hospital CEO,Radiology Manager,Director of Risk Management,Healthcare Project Manager,,,,,,,,,
Business Lead Healthcare,Hospital Director,,Facilities Manager,Hospital COO,,,,,,,,,
Department Coordinator,Medical Superintendent,,Assistant Medical Superintendent,Operations Manager,,,,,,,,,
Deputy Manger,Assistant Medical Superintendent,,Healthcare Facility Planner,Patient Care Coordinator,,,,,,,,,
Emergency Department Manager,Surgery Department Manager,,,Patient Services Coordinator,,,,,,,,,
Environmental Services Manager,Laboratory Manager,,,Patient Relations Manager,,,,,,,,,
Ethics Officer,,,,Population Health Manager,,,,,,,,,
Executive,,,,Public Health Administrator,,,,,,,,,
Executive Assistant,,,,Assistant Medical Superintendent,,,,,,,,,
Front Desk Coordinator,,,,Therapy Business Manager,,,,,,,,,
Manager,,,,,,,,,,,,,
Territory Manager,,,,,,,,,,,,,
Therapy Business Manager,,,,,,,,,,,,,
Transplant Coordinator,,,,,,,,,,,,,