Bioinformatics Geneticist,Genetics Policy Analyst,Healthcare Associated Infection Specialist,Neuroimaging Specialist,Metabolic Biochemist,Radiofrequency Ablation Specialist,Radiation Safety Officer,Medical Laboratory Technician,Phlebotomist,Radiologist,Radiology Department Manager,Lab Manager,Lab Assistant,Clinical Chemist
Biomechanics Specialist,Genomic Biochemist,Medical Laboratory Technologist,Nuclear Medicine Technologist,Radiation Biology Specialist,Radiographer,Radiation Safety Officer,Medical Laboratory Scientist,Histotechnologist,Radiologic Technologist,Radiology Department Manager,Lab Manager,Lab Assistant,Clinical Chemist
,Genomic Data Analyst,,,Reproductive Biochemist,,,Pathologist,Cytotechnologist,MRI Technologist,,,,
,,,,Biochemist,,,Microbiologist,,CT Technologist,,,,
,,,,,,,Biochemist,,Sonographer,,,,
,,,,,,,Phlebotomist,,Mammography Technologist,,,,
,,,,,,,Histotechnologist,,Interventional Radiologist,,,,
,,,,,,,Cytotechnologist,,Radiation Therapist,,,,
,,,,,,,Blood Bank Technician,,Radiology Nurse,,,,
,,,,,,,Hematology Technologist,,PACS Administrator,,,,
,,,,,,,Immunology Technologist,,Radiology Aide,,,,